<annotation>
	<folder>All_image_new</folder>
	<filename>patch8_87.jpg</filename>
	<path>E:\Ph.D\Sem5\2nd Work\litchi_detection\Litchi_dataset\Original\All_image_new\patch8_87.jpg</path>
	<source>
		<database>Unknown</database>
	</source>
	<size>
		<width>256</width>
		<height>256</height>
		<depth>3</depth>
	</size>
	<segmented>0</segmented>
	<object>
		<name>Litchi</name>
		<pose>Unspecified</pose>
		<truncated>0</truncated>
		<difficult>0</difficult>
		<bndbox>
			<xmin>171</xmin>
			<ymin>112</ymin>
			<xmax>182</xmax>
			<ymax>124</ymax>
		</bndbox>
	</object>
	<object>
		<name>Litchi</name>
		<pose>Unspecified</pose>
		<truncated>0</truncated>
		<difficult>0</difficult>
		<bndbox>
			<xmin>149</xmin>
			<ymin>91</ymin>
			<xmax>161</xmax>
			<ymax>103</ymax>
		</bndbox>
	</object>
	<object>
		<name>Litchi</name>
		<pose>Unspecified</pose>
		<truncated>0</truncated>
		<difficult>0</difficult>
		<bndbox>
			<xmin>136</xmin>
			<ymin>85</ymin>
			<xmax>149</xmax>
			<ymax>97</ymax>
		</bndbox>
	</object>
	<object>
		<name>Litchi</name>
		<pose>Unspecified</pose>
		<truncated>0</truncated>
		<difficult>0</difficult>
		<bndbox>
			<xmin>144</xmin>
			<ymin>9</ymin>
			<xmax>160</xmax>
			<ymax>24</ymax>
		</bndbox>
	</object>
	<object>
		<name>Litchi</name>
		<pose>Unspecified</pose>
		<truncated>0</truncated>
		<difficult>0</difficult>
		<bndbox>
			<xmin>199</xmin>
			<ymin>207</ymin>
			<xmax>213</xmax>
			<ymax>220</ymax>
		</bndbox>
	</object>
	<object>
		<name>Litchi</name>
		<pose>Unspecified</pose>
		<truncated>0</truncated>
		<difficult>0</difficult>
		<bndbox>
			<xmin>191</xmin>
			<ymin>221</ymin>
			<xmax>201</xmax>
			<ymax>234</ymax>
		</bndbox>
	</object>
	<object>
		<name>Litchi</name>
		<pose>Unspecified</pose>
		<truncated>0</truncated>
		<difficult>0</difficult>
		<bndbox>
			<xmin>149</xmin>
			<ymin>180</ymin>
			<xmax>161</xmax>
			<ymax>190</ymax>
		</bndbox>
	</object>
	<object>
		<name>Litchi</name>
		<pose>Unspecified</pose>
		<truncated>0</truncated>
		<difficult>0</difficult>
		<bndbox>
			<xmin>152</xmin>
			<ymin>191</ymin>
			<xmax>164</xmax>
			<ymax>199</ymax>
		</bndbox>
	</object>
	<object>
		<name>Litchi</name>
		<pose>Unspecified</pose>
		<truncated>0</truncated>
		<difficult>0</difficult>
		<bndbox>
			<xmin>155</xmin>
			<ymin>199</ymin>
			<xmax>169</xmax>
			<ymax>207</ymax>
		</bndbox>
	</object>
	<object>
		<name>Litchi</name>
		<pose>Unspecified</pose>
		<truncated>0</truncated>
		<difficult>0</difficult>
		<bndbox>
			<xmin>169</xmin>
			<ymin>200</ymin>
			<xmax>179</xmax>
			<ymax>208</ymax>
		</bndbox>
	</object>
	<object>
		<name>Litchi</name>
		<pose>Unspecified</pose>
		<truncated>0</truncated>
		<difficult>0</difficult>
		<bndbox>
			<xmin>167</xmin>
			<ymin>208</ymin>
			<xmax>177</xmax>
			<ymax>218</ymax>
		</bndbox>
	</object>
	<object>
		<name>Litchi</name>
		<pose>Unspecified</pose>
		<truncated>0</truncated>
		<difficult>0</difficult>
		<bndbox>
			<xmin>116</xmin>
			<ymin>78</ymin>
			<xmax>126</xmax>
			<ymax>87</ymax>
		</bndbox>
	</object>
	<object>
		<name>Litchi</name>
		<pose>Unspecified</pose>
		<truncated>0</truncated>
		<difficult>0</difficult>
		<bndbox>
			<xmin>125</xmin>
			<ymin>75</ymin>
			<xmax>135</xmax>
			<ymax>86</ymax>
		</bndbox>
	</object>
	<object>
		<name>Litchi</name>
		<pose>Unspecified</pose>
		<truncated>0</truncated>
		<difficult>0</difficult>
		<bndbox>
			<xmin>97</xmin>
			<ymin>154</ymin>
			<xmax>108</xmax>
			<ymax>163</ymax>
		</bndbox>
	</object>
	<object>
		<name>Litchi</name>
		<pose>Unspecified</pose>
		<truncated>0</truncated>
		<difficult>0</difficult>
		<bndbox>
			<xmin>101</xmin>
			<ymin>164</ymin>
			<xmax>109</xmax>
			<ymax>171</ymax>
		</bndbox>
	</object>
	<object>
		<name>Litchi</name>
		<pose>Unspecified</pose>
		<truncated>0</truncated>
		<difficult>0</difficult>
		<bndbox>
			<xmin>104</xmin>
			<ymin>174</ymin>
			<xmax>112</xmax>
			<ymax>185</ymax>
		</bndbox>
	</object>
	<object>
		<name>Litchi</name>
		<pose>Unspecified</pose>
		<truncated>0</truncated>
		<difficult>0</difficult>
		<bndbox>
			<xmin>114</xmin>
			<ymin>178</ymin>
			<xmax>122</xmax>
			<ymax>188</ymax>
		</bndbox>
	</object>
	<object>
		<name>Litchi</name>
		<pose>Unspecified</pose>
		<truncated>0</truncated>
		<difficult>0</difficult>
		<bndbox>
			<xmin>118</xmin>
			<ymin>174</ymin>
			<xmax>128</xmax>
			<ymax>183</ymax>
		</bndbox>
	</object>
	<object>
		<name>Litchi</name>
		<pose>Unspecified</pose>
		<truncated>0</truncated>
		<difficult>0</difficult>
		<bndbox>
			<xmin>175</xmin>
			<ymin>222</ymin>
			<xmax>185</xmax>
			<ymax>234</ymax>
		</bndbox>
	</object>
	<object>
		<name>Litchi</name>
		<pose>Unspecified</pose>
		<truncated>0</truncated>
		<difficult>0</difficult>
		<bndbox>
			<xmin>87</xmin>
			<ymin>208</ymin>
			<xmax>98</xmax>
			<ymax>219</ymax>
		</bndbox>
	</object>
	<object>
		<name>Litchi</name>
		<pose>Unspecified</pose>
		<truncated>0</truncated>
		<difficult>0</difficult>
		<bndbox>
			<xmin>87</xmin>
			<ymin>218</ymin>
			<xmax>98</xmax>
			<ymax>228</ymax>
		</bndbox>
	</object>
	<object>
		<name>Litchi</name>
		<pose>Unspecified</pose>
		<truncated>0</truncated>
		<difficult>0</difficult>
		<bndbox>
			<xmin>95</xmin>
			<ymin>227</ymin>
			<xmax>107</xmax>
			<ymax>235</ymax>
		</bndbox>
	</object>
	<object>
		<name>Litchi</name>
		<pose>Unspecified</pose>
		<truncated>0</truncated>
		<difficult>0</difficult>
		<bndbox>
			<xmin>98</xmin>
			<ymin>222</ymin>
			<xmax>107</xmax>
			<ymax>230</ymax>
		</bndbox>
	</object>
	<object>
		<name>Litchi</name>
		<pose>Unspecified</pose>
		<truncated>0</truncated>
		<difficult>0</difficult>
		<bndbox>
			<xmin>82</xmin>
			<ymin>227</ymin>
			<xmax>93</xmax>
			<ymax>238</ymax>
		</bndbox>
	</object>
	<object>
		<name>Litchi</name>
		<pose>Unspecified</pose>
		<truncated>0</truncated>
		<difficult>0</difficult>
		<bndbox>
			<xmin>52</xmin>
			<ymin>195</ymin>
			<xmax>63</xmax>
			<ymax>207</ymax>
		</bndbox>
	</object>
	<object>
		<name>Litchi</name>
		<pose>Unspecified</pose>
		<truncated>0</truncated>
		<difficult>0</difficult>
		<bndbox>
			<xmin>42</xmin>
			<ymin>209</ymin>
			<xmax>55</xmax>
			<ymax>220</ymax>
		</bndbox>
	</object>
	<object>
		<name>Litchi</name>
		<pose>Unspecified</pose>
		<truncated>0</truncated>
		<difficult>0</difficult>
		<bndbox>
			<xmin>52</xmin>
			<ymin>208</ymin>
			<xmax>64</xmax>
			<ymax>217</ymax>
		</bndbox>
	</object>
	<object>
		<name>Litchi</name>
		<pose>Unspecified</pose>
		<truncated>0</truncated>
		<difficult>0</difficult>
		<bndbox>
			<xmin>47</xmin>
			<ymin>220</ymin>
			<xmax>59</xmax>
			<ymax>231</ymax>
		</bndbox>
	</object>
	<object>
		<name>Litchi</name>
		<pose>Unspecified</pose>
		<truncated>0</truncated>
		<difficult>0</difficult>
		<bndbox>
			<xmin>23</xmin>
			<ymin>225</ymin>
			<xmax>33</xmax>
			<ymax>234</ymax>
		</bndbox>
	</object>
	<object>
		<name>Litchi</name>
		<pose>Unspecified</pose>
		<truncated>0</truncated>
		<difficult>0</difficult>
		<bndbox>
			<xmin>33</xmin>
			<ymin>224</ymin>
			<xmax>41</xmax>
			<ymax>237</ymax>
		</bndbox>
	</object>
	<object>
		<name>Litchi</name>
		<pose>Unspecified</pose>
		<truncated>0</truncated>
		<difficult>0</difficult>
		<bndbox>
			<xmin>48</xmin>
			<ymin>239</ymin>
			<xmax>58</xmax>
			<ymax>253</ymax>
		</bndbox>
	</object>
	<object>
		<name>Litchi</name>
		<pose>Unspecified</pose>
		<truncated>0</truncated>
		<difficult>0</difficult>
		<bndbox>
			<xmin>42</xmin>
			<ymin>230</ymin>
			<xmax>56</xmax>
			<ymax>242</ymax>
		</bndbox>
	</object>
</annotation>
