<annotation>
	<folder>All_image_new</folder>
	<filename>patch9_275.jpg</filename>
	<path>E:\Ph.D\Sem5\2nd Work\litchi_detection\Litchi_dataset\Original\All_image_new\patch9_275.jpg</path>
	<source>
		<database>Unknown</database>
	</source>
	<size>
		<width>256</width>
		<height>256</height>
		<depth>3</depth>
	</size>
	<segmented>0</segmented>
	<object>
		<name>Litchi</name>
		<pose>Unspecified</pose>
		<truncated>0</truncated>
		<difficult>0</difficult>
		<bndbox>
			<xmin>54</xmin>
			<ymin>36</ymin>
			<xmax>69</xmax>
			<ymax>48</ymax>
		</bndbox>
	</object>
	<object>
		<name>Litchi</name>
		<pose>Unspecified</pose>
		<truncated>0</truncated>
		<difficult>0</difficult>
		<bndbox>
			<xmin>118</xmin>
			<ymin>27</ymin>
			<xmax>133</xmax>
			<ymax>42</ymax>
		</bndbox>
	</object>
	<object>
		<name>Litchi</name>
		<pose>Unspecified</pose>
		<truncated>0</truncated>
		<difficult>0</difficult>
		<bndbox>
			<xmin>141</xmin>
			<ymin>68</ymin>
			<xmax>155</xmax>
			<ymax>80</ymax>
		</bndbox>
	</object>
	<object>
		<name>Litchi</name>
		<pose>Unspecified</pose>
		<truncated>0</truncated>
		<difficult>0</difficult>
		<bndbox>
			<xmin>143</xmin>
			<ymin>82</ymin>
			<xmax>156</xmax>
			<ymax>95</ymax>
		</bndbox>
	</object>
	<object>
		<name>Litchi</name>
		<pose>Unspecified</pose>
		<truncated>0</truncated>
		<difficult>0</difficult>
		<bndbox>
			<xmin>148</xmin>
			<ymin>92</ymin>
			<xmax>162</xmax>
			<ymax>108</ymax>
		</bndbox>
	</object>
	<object>
		<name>Litchi</name>
		<pose>Unspecified</pose>
		<truncated>0</truncated>
		<difficult>0</difficult>
		<bndbox>
			<xmin>26</xmin>
			<ymin>44</ymin>
			<xmax>39</xmax>
			<ymax>57</ymax>
		</bndbox>
	</object>
	<object>
		<name>Litchi</name>
		<pose>Unspecified</pose>
		<truncated>0</truncated>
		<difficult>0</difficult>
		<bndbox>
			<xmin>164</xmin>
			<ymin>82</ymin>
			<xmax>177</xmax>
			<ymax>95</ymax>
		</bndbox>
	</object>
	<object>
		<name>Litchi</name>
		<pose>Unspecified</pose>
		<truncated>0</truncated>
		<difficult>0</difficult>
		<bndbox>
			<xmin>177</xmin>
			<ymin>65</ymin>
			<xmax>189</xmax>
			<ymax>79</ymax>
		</bndbox>
	</object>
	<object>
		<name>Litchi</name>
		<pose>Unspecified</pose>
		<truncated>0</truncated>
		<difficult>0</difficult>
		<bndbox>
			<xmin>193</xmin>
			<ymin>57</ymin>
			<xmax>204</xmax>
			<ymax>70</ymax>
		</bndbox>
	</object>
	<object>
		<name>Litchi</name>
		<pose>Unspecified</pose>
		<truncated>0</truncated>
		<difficult>0</difficult>
		<bndbox>
			<xmin>212</xmin>
			<ymin>148</ymin>
			<xmax>223</xmax>
			<ymax>159</ymax>
		</bndbox>
	</object>
	<object>
		<name>Litchi</name>
		<pose>Unspecified</pose>
		<truncated>0</truncated>
		<difficult>0</difficult>
		<bndbox>
			<xmin>192</xmin>
			<ymin>31</ymin>
			<xmax>206</xmax>
			<ymax>44</ymax>
		</bndbox>
	</object>
	<object>
		<name>Litchi</name>
		<pose>Unspecified</pose>
		<truncated>0</truncated>
		<difficult>0</difficult>
		<bndbox>
			<xmin>99</xmin>
			<ymin>69</ymin>
			<xmax>128</xmax>
			<ymax>85</ymax>
		</bndbox>
	</object>
	<object>
		<name>Litchi</name>
		<pose>Unspecified</pose>
		<truncated>0</truncated>
		<difficult>0</difficult>
		<bndbox>
			<xmin>201</xmin>
			<ymin>43</ymin>
			<xmax>212</xmax>
			<ymax>50</ymax>
		</bndbox>
	</object>
	<object>
		<name>Litchi</name>
		<pose>Unspecified</pose>
		<truncated>0</truncated>
		<difficult>0</difficult>
		<bndbox>
			<xmin>200</xmin>
			<ymin>49</ymin>
			<xmax>212</xmax>
			<ymax>58</ymax>
		</bndbox>
	</object>
</annotation>
