<annotation>
	<folder>All_image_new</folder>
	<filename>patch20_153.jpg</filename>
	<path>C:\Project\All_image_new\All_image_new\patch20_153.jpg</path>
	<source>
		<database>Unknown</database>
	</source>
	<size>
		<width>256</width>
		<height>256</height>
		<depth>3</depth>
	</size>
	<segmented>0</segmented>
	<object>
		<name>Litchi</name>
		<pose>Unspecified</pose>
		<truncated>0</truncated>
		<difficult>0</difficult>
		<bndbox>
			<xmin>124</xmin>
			<ymin>129</ymin>
			<xmax>136</xmax>
			<ymax>144</ymax>
		</bndbox>
	</object>
	<object>
		<name>Litchi</name>
		<pose>Unspecified</pose>
		<truncated>0</truncated>
		<difficult>0</difficult>
		<bndbox>
			<xmin>39</xmin>
			<ymin>99</ymin>
			<xmax>54</xmax>
			<ymax>113</ymax>
		</bndbox>
	</object>
	<object>
		<name>Litchi</name>
		<pose>Unspecified</pose>
		<truncated>0</truncated>
		<difficult>0</difficult>
		<bndbox>
			<xmin>124</xmin>
			<ymin>146</ymin>
			<xmax>138</xmax>
			<ymax>159</ymax>
		</bndbox>
	</object>
	<object>
		<name>Litchi</name>
		<pose>Unspecified</pose>
		<truncated>0</truncated>
		<difficult>0</difficult>
		<bndbox>
			<xmin>13</xmin>
			<ymin>41</ymin>
			<xmax>27</xmax>
			<ymax>53</ymax>
		</bndbox>
	</object>
	<object>
		<name>Litchi</name>
		<pose>Unspecified</pose>
		<truncated>0</truncated>
		<difficult>0</difficult>
		<bndbox>
			<xmin>11</xmin>
			<ymin>24</ymin>
			<xmax>27</xmax>
			<ymax>38</ymax>
		</bndbox>
	</object>
	<object>
		<name>Litchi</name>
		<pose>Unspecified</pose>
		<truncated>1</truncated>
		<difficult>0</difficult>
		<bndbox>
			<xmin>1</xmin>
			<ymin>47</ymin>
			<xmax>8</xmax>
			<ymax>62</ymax>
		</bndbox>
	</object>
	<object>
		<name>Litchi</name>
		<pose>Unspecified</pose>
		<truncated>0</truncated>
		<difficult>0</difficult>
		<bndbox>
			<xmin>17</xmin>
			<ymin>6</ymin>
			<xmax>24</xmax>
			<ymax>18</ymax>
		</bndbox>
	</object>
	<object>
		<name>Litchi</name>
		<pose>Unspecified</pose>
		<truncated>0</truncated>
		<difficult>0</difficult>
		<bndbox>
			<xmin>28</xmin>
			<ymin>26</ymin>
			<xmax>40</xmax>
			<ymax>34</ymax>
		</bndbox>
	</object>
</annotation>
