<annotation>
	<folder>All_image_new</folder>
	<filename>patch20_201.jpg</filename>
	<path>C:\Project\All_image_new\All_image_new\patch20_201.jpg</path>
	<source>
		<database>Unknown</database>
	</source>
	<size>
		<width>256</width>
		<height>256</height>
		<depth>3</depth>
	</size>
	<segmented>0</segmented>
	<object>
		<name>Litchi</name>
		<pose>Unspecified</pose>
		<truncated>0</truncated>
		<difficult>0</difficult>
		<bndbox>
			<xmin>132</xmin>
			<ymin>212</ymin>
			<xmax>141</xmax>
			<ymax>224</ymax>
		</bndbox>
	</object>
	<object>
		<name>Litchi</name>
		<pose>Unspecified</pose>
		<truncated>0</truncated>
		<difficult>0</difficult>
		<bndbox>
			<xmin>156</xmin>
			<ymin>94</ymin>
			<xmax>169</xmax>
			<ymax>107</ymax>
		</bndbox>
	</object>
	<object>
		<name>Litchi</name>
		<pose>Unspecified</pose>
		<truncated>0</truncated>
		<difficult>0</difficult>
		<bndbox>
			<xmin>170</xmin>
			<ymin>97</ymin>
			<xmax>180</xmax>
			<ymax>110</ymax>
		</bndbox>
	</object>
	<object>
		<name>Litchi</name>
		<pose>Unspecified</pose>
		<truncated>0</truncated>
		<difficult>0</difficult>
		<bndbox>
			<xmin>182</xmin>
			<ymin>103</ymin>
			<xmax>194</xmax>
			<ymax>117</ymax>
		</bndbox>
	</object>
	<object>
		<name>Litchi</name>
		<pose>Unspecified</pose>
		<truncated>0</truncated>
		<difficult>0</difficult>
		<bndbox>
			<xmin>177</xmin>
			<ymin>89</ymin>
			<xmax>190</xmax>
			<ymax>101</ymax>
		</bndbox>
	</object>
	<object>
		<name>Litchi</name>
		<pose>Unspecified</pose>
		<truncated>0</truncated>
		<difficult>0</difficult>
		<bndbox>
			<xmin>169</xmin>
			<ymin>91</ymin>
			<xmax>180</xmax>
			<ymax>99</ymax>
		</bndbox>
	</object>
	<object>
		<name>Litchi</name>
		<pose>Unspecified</pose>
		<truncated>0</truncated>
		<difficult>0</difficult>
		<bndbox>
			<xmin>138</xmin>
			<ymin>44</ymin>
			<xmax>148</xmax>
			<ymax>55</ymax>
		</bndbox>
	</object>
	<object>
		<name>Litchi</name>
		<pose>Unspecified</pose>
		<truncated>0</truncated>
		<difficult>0</difficult>
		<bndbox>
			<xmin>141</xmin>
			<ymin>34</ymin>
			<xmax>155</xmax>
			<ymax>43</ymax>
		</bndbox>
	</object>
	<object>
		<name>Litchi</name>
		<pose>Unspecified</pose>
		<truncated>0</truncated>
		<difficult>0</difficult>
		<bndbox>
			<xmin>141</xmin>
			<ymin>20</ymin>
			<xmax>152</xmax>
			<ymax>31</ymax>
		</bndbox>
	</object>
	<object>
		<name>Litchi</name>
		<pose>Unspecified</pose>
		<truncated>0</truncated>
		<difficult>0</difficult>
		<bndbox>
			<xmin>152</xmin>
			<ymin>18</ymin>
			<xmax>160</xmax>
			<ymax>26</ymax>
		</bndbox>
	</object>
	<object>
		<name>Litchi</name>
		<pose>Unspecified</pose>
		<truncated>0</truncated>
		<difficult>0</difficult>
		<bndbox>
			<xmin>166</xmin>
			<ymin>34</ymin>
			<xmax>175</xmax>
			<ymax>42</ymax>
		</bndbox>
	</object>
	<object>
		<name>Litchi</name>
		<pose>Unspecified</pose>
		<truncated>0</truncated>
		<difficult>0</difficult>
		<bndbox>
			<xmin>150</xmin>
			<ymin>117</ymin>
			<xmax>160</xmax>
			<ymax>127</ymax>
		</bndbox>
	</object>
</annotation>
