<annotation>
	<folder>All_image_new</folder>
	<filename>patch22_213.jpg</filename>
	<path>C:\Project\All_image_new\All_image_new\patch22_213.jpg</path>
	<source>
		<database>Unknown</database>
	</source>
	<size>
		<width>256</width>
		<height>256</height>
		<depth>3</depth>
	</size>
	<segmented>0</segmented>
	<object>
		<name>Litchi</name>
		<pose>Unspecified</pose>
		<truncated>0</truncated>
		<difficult>0</difficult>
		<bndbox>
			<xmin>170</xmin>
			<ymin>54</ymin>
			<xmax>183</xmax>
			<ymax>66</ymax>
		</bndbox>
	</object>
	<object>
		<name>Litchi</name>
		<pose>Unspecified</pose>
		<truncated>0</truncated>
		<difficult>0</difficult>
		<bndbox>
			<xmin>159</xmin>
			<ymin>66</ymin>
			<xmax>172</xmax>
			<ymax>77</ymax>
		</bndbox>
	</object>
	<object>
		<name>Litchi</name>
		<pose>Unspecified</pose>
		<truncated>0</truncated>
		<difficult>0</difficult>
		<bndbox>
			<xmin>134</xmin>
			<ymin>33</ymin>
			<xmax>150</xmax>
			<ymax>44</ymax>
		</bndbox>
	</object>
</annotation>
