<annotation>
	<folder>All_image_new</folder>
	<filename>patch23_63.jpg</filename>
	<path>C:\Project\All_image_new\All_image_new\patch23_63.jpg</path>
	<source>
		<database>Unknown</database>
	</source>
	<size>
		<width>256</width>
		<height>256</height>
		<depth>3</depth>
	</size>
	<segmented>0</segmented>
	<object>
		<name>Litchi</name>
		<pose>Unspecified</pose>
		<truncated>0</truncated>
		<difficult>0</difficult>
		<bndbox>
			<xmin>108</xmin>
			<ymin>12</ymin>
			<xmax>124</xmax>
			<ymax>29</ymax>
		</bndbox>
	</object>
	<object>
		<name>Litchi</name>
		<pose>Unspecified</pose>
		<truncated>0</truncated>
		<difficult>0</difficult>
		<bndbox>
			<xmin>61</xmin>
			<ymin>53</ymin>
			<xmax>73</xmax>
			<ymax>63</ymax>
		</bndbox>
	</object>
</annotation>
