<annotation>
	<folder>All_image_new</folder>
	<filename>patch23_172.jpg</filename>
	<path>C:\Project\All_image_new\All_image_new\patch23_172.jpg</path>
	<source>
		<database>Unknown</database>
	</source>
	<size>
		<width>256</width>
		<height>256</height>
		<depth>3</depth>
	</size>
	<segmented>0</segmented>
	<object>
		<name>Litchi</name>
		<pose>Unspecified</pose>
		<truncated>0</truncated>
		<difficult>0</difficult>
		<bndbox>
			<xmin>107</xmin>
			<ymin>108</ymin>
			<xmax>117</xmax>
			<ymax>117</ymax>
		</bndbox>
	</object>
	<object>
		<name>Litchi</name>
		<pose>Unspecified</pose>
		<truncated>0</truncated>
		<difficult>0</difficult>
		<bndbox>
			<xmin>96</xmin>
			<ymin>92</ymin>
			<xmax>109</xmax>
			<ymax>103</ymax>
		</bndbox>
	</object>
	<object>
		<name>Litchi</name>
		<pose>Unspecified</pose>
		<truncated>0</truncated>
		<difficult>0</difficult>
		<bndbox>
			<xmin>203</xmin>
			<ymin>27</ymin>
			<xmax>216</xmax>
			<ymax>41</ymax>
		</bndbox>
	</object>
	<object>
		<name>Litchi</name>
		<pose>Unspecified</pose>
		<truncated>0</truncated>
		<difficult>0</difficult>
		<bndbox>
			<xmin>222</xmin>
			<ymin>19</ymin>
			<xmax>235</xmax>
			<ymax>30</ymax>
		</bndbox>
	</object>
	<object>
		<name>Litchi</name>
		<pose>Unspecified</pose>
		<truncated>0</truncated>
		<difficult>0</difficult>
		<bndbox>
			<xmin>189</xmin>
			<ymin>35</ymin>
			<xmax>204</xmax>
			<ymax>44</ymax>
		</bndbox>
	</object>
	<object>
		<name>Litchi</name>
		<pose>Unspecified</pose>
		<truncated>0</truncated>
		<difficult>0</difficult>
		<bndbox>
			<xmin>209</xmin>
			<ymin>49</ymin>
			<xmax>222</xmax>
			<ymax>60</ymax>
		</bndbox>
	</object>
	<object>
		<name>Litchi</name>
		<pose>Unspecified</pose>
		<truncated>0</truncated>
		<difficult>0</difficult>
		<bndbox>
			<xmin>214</xmin>
			<ymin>36</ymin>
			<xmax>225</xmax>
			<ymax>45</ymax>
		</bndbox>
	</object>
	<object>
		<name>Litchi</name>
		<pose>Unspecified</pose>
		<truncated>0</truncated>
		<difficult>0</difficult>
		<bndbox>
			<xmin>177</xmin>
			<ymin>31</ymin>
			<xmax>189</xmax>
			<ymax>45</ymax>
		</bndbox>
	</object>
	<object>
		<name>Litchi</name>
		<pose>Unspecified</pose>
		<truncated>0</truncated>
		<difficult>0</difficult>
		<bndbox>
			<xmin>212</xmin>
			<ymin>6</ymin>
			<xmax>225</xmax>
			<ymax>16</ymax>
		</bndbox>
	</object>
	<object>
		<name>Litchi</name>
		<pose>Unspecified</pose>
		<truncated>0</truncated>
		<difficult>0</difficult>
		<bndbox>
			<xmin>191</xmin>
			<ymin>16</ymin>
			<xmax>201</xmax>
			<ymax>26</ymax>
		</bndbox>
	</object>
	<object>
		<name>Litchi</name>
		<pose>Unspecified</pose>
		<truncated>0</truncated>
		<difficult>0</difficult>
		<bndbox>
			<xmin>190</xmin>
			<ymin>4</ymin>
			<xmax>204</xmax>
			<ymax>13</ymax>
		</bndbox>
	</object>
	<object>
		<name>Litchi</name>
		<pose>Unspecified</pose>
		<truncated>1</truncated>
		<difficult>0</difficult>
		<bndbox>
			<xmin>203</xmin>
			<ymin>1</ymin>
			<xmax>215</xmax>
			<ymax>9</ymax>
		</bndbox>
	</object>
	<object>
		<name>Litchi</name>
		<pose>Unspecified</pose>
		<truncated>0</truncated>
		<difficult>0</difficult>
		<bndbox>
			<xmin>237</xmin>
			<ymin>17</ymin>
			<xmax>247</xmax>
			<ymax>29</ymax>
		</bndbox>
	</object>
	<object>
		<name>Litchi</name>
		<pose>Unspecified</pose>
		<truncated>0</truncated>
		<difficult>0</difficult>
		<bndbox>
			<xmin>226</xmin>
			<ymin>4</ymin>
			<xmax>238</xmax>
			<ymax>18</ymax>
		</bndbox>
	</object>
	<object>
		<name>Litchi</name>
		<pose>Unspecified</pose>
		<truncated>0</truncated>
		<difficult>0</difficult>
		<bndbox>
			<xmin>190</xmin>
			<ymin>45</ymin>
			<xmax>207</xmax>
			<ymax>51</ymax>
		</bndbox>
	</object>
	<object>
		<name>Litchi</name>
		<pose>Unspecified</pose>
		<truncated>0</truncated>
		<difficult>0</difficult>
		<bndbox>
			<xmin>196</xmin>
			<ymin>27</ymin>
			<xmax>206</xmax>
			<ymax>37</ymax>
		</bndbox>
	</object>
	<object>
		<name>Litchi</name>
		<pose>Unspecified</pose>
		<truncated>0</truncated>
		<difficult>0</difficult>
		<bndbox>
			<xmin>222</xmin>
			<ymin>30</ymin>
			<xmax>240</xmax>
			<ymax>39</ymax>
		</bndbox>
	</object>
	<object>
		<name>Litchi</name>
		<pose>Unspecified</pose>
		<truncated>0</truncated>
		<difficult>0</difficult>
		<bndbox>
			<xmin>209</xmin>
			<ymin>21</ymin>
			<xmax>222</xmax>
			<ymax>30</ymax>
		</bndbox>
	</object>
</annotation>
